Price,Close,High,Low,Open,Volume,Daily_Return,20_Day_MA,20_Day_Volatility
Ticker,COMI.CA,COMI.CA,COMI.CA,COMI.CA,COMI.CA,,,
Date,,,,,,,,
2024-04-22,78.79003143310547,80.10076982140636,78.79003143310547,78.79003143310547,7381776,0.006199617149526437,78.9372344970703,0.3623323745216556
2024-04-23,75.27530670166016,79.1298541568343,75.14908996909877,78.79003417876906,6288227,-0.044608748943442134,78.59085426330566,0.39266258394844245
2024-04-24,72.04214477539062,76.12000663905712,71.75087368996287,75.27530493552511,3359691,-0.04295116244538966,78.10163192749023,0.41619667636124025
2024-04-28,72.04214477539062,72.04214477539062,72.04214477539062,72.04214477539062,0,0.0,77.6124095916748,0.41619667636124025
2024-04-29,72.81887817382812,72.81887817382812,68.74102395910148,68.61479982945447,4266090,0.010781652890251348,77.15237464904786,0.41950725352065127
2024-04-30,69.80903625488281,73.59561959474806,69.42066740329054,72.81888189156349,4730666,-0.041333264043980855,76.59491920471191,0.43780241651172086
2024-05-02,71.09064483642578,72.81887836440455,70.81878887573511,70.88675286590778,2545410,0.018358777749969635,76.16812515258789,0.44523287223332825
2024-05-07,74.7315902709961,74.7315902709961,70.68286232958866,71.09064627889887,2874490,0.05121553536260448,76.04496002197266,0.4771512039535052
2024-05-08,70.98384857177734,74.76072075497925,70.63431733668494,74.73159438664153,5455850,-0.050149363684466874,75.88011322021484,0.49156310343917864
2024-05-09,71.18773651123047,72.63440284742536,70.85762781214042,70.98384453693612,2902234,0.002872314527254227,75.48326187133789,0.4239877050182991
2024-05-12,70.682861328125,72.23632926123908,70.58576356369585,71.1877356285673,1281656,-0.007092165137541961,75.1576602935791,0.4178594103755959
2024-05-13,72.07127380371094,72.81887768867283,71.07122166113696,70.68286023947948,4173956,0.019642844807040705,74.8923126220703,0.4258092823450688
2024-05-14,72.81887817382812,73.44997659950518,72.1295270160182,72.07127428388533,2245231,0.010373125527839644,74.61320343017579,0.42447158510060035
2024-05-15,72.33341979980469,73.27521181998512,71.26541105607656,72.81887899309197,2437246,-0.006666655490964679,74.37012977600098,0.4223142857396423
2024-05-16,72.9256820678711,74.03252845811878,72.33342124760458,72.33342124760458,3885387,0.008187947835255116,74.15377464294434,0.4239908247307788
2024-05-19,73.76067352294922,74.17816873968216,72.62470074981064,72.92568308948333,2355791,0.011449895721249659,73.86048202514648,0.4091958774400862
2024-05-20,74.06165313720703,75.33355384968438,73.76067080861027,73.76067080861027,3298833,0.0040804889635961406,73.60732650756836,0.40991208658639183
2024-05-21,74.18788146972656,75.05199828771998,73.98398207894626,74.06165733186067,2184197,0.001704368281999935,73.35565757751465,0.4099815890130471
2024-05-22,74.26554870605469,74.71217029537004,72.86743120266047,74.18788086129706,3092806,0.0010468992346117645,73.20919036865234,0.4012980346595723
2024-05-23,73.78980255126953,75.00345061954698,73.78980255126953,74.26555051992871,3491049,-0.00640601413541253,72.98345184326172,0.39706568042739276
2024-05-26,73.78980255126953,73.78980255126953,73.78980255126953,73.78980255126953,0,0.0,72.73344039916992,0.39583794154232255
2024-05-27,74.27526092529297,75.24617936876085,74.12962167726882,74.7607201470269,284386,0.00657893580466129,72.68343811035156,0.3649250975047869
2024-05-28,74.4791488647461,75.92581519284292,72.9159696630535,74.27525689159307,3345349,0.002745031615011051,72.80528831481934,0.32851330448781907
2024-05-29,74.32380676269531,75.226761174394,74.09078101240435,74.47914985536973,1745632,-0.0020857126379475455,72.91937141418457,0.328754067899269
2024-05-30,75.92581939697266,75.92581939697266,70.88675770712581,74.32380988956184,17254438,0.02155450190263175,73.0747184753418,0.3348403939838226
2024-06-02,75.4112319946289,75.92581757264695,74.97432166810935,75.92581757264695,2284626,-0.006777502125505763,73.35482826232911,0.2952360747883074
2024-06-03,74.294677734375,75.73164032288732,73.78980339153124,75.41123545140876,3284562,-0.01480620632657792,73.51502990722656,0.2973534564122765
2024-06-04,73.88688659667969,75.73163298420916,73.83834512261166,74.29467053494388,4567061,-0.005488833791745917,73.47279472351075,0.2355136230282115
2024-06-05,73.4596939086914,74.99373943887406,73.33346976864654,73.8868929920557,2587885,-0.005781711852607341,73.59658699035644,0.14762052802789
2024-06-06,72.94509887695312,73.7898005765763,72.36254930127357,73.45969186644847,3150247,-0.007005134439818206,73.68445510864258,0.1507607039257821
2024-06-09,70.8964614868164,73.26550485942141,70.8964614868164,72.94509999525371,2206460,-0.028084647518162198,73.69513511657715,0.18147685431754373
2024-06-10,71.55668640136719,72.32371286147523,70.87704645318026,70.8964615627628,2590744,0.009312522807271018,73.66940574645996,0.17015938456305266
2024-06-11,71.3722152709961,72.71208002656773,71.17802714209606,71.55668473405152,2439613,-0.0025779719499080533,73.59707260131836,0.1655286919997754
2024-06-12,71.84796142578125,73.29462776416787,71.45959258521907,71.37221348504032,1929380,0.006665705316540649,73.57279968261719,0.1661867259984126
2024-06-13,71.84796142578125,73.20724866398912,71.84796142578125,71.84796142578125,5332587,0.0,73.5189136505127,0.16316436056120798
2024-06-23,72.49847412109375,73.10044618725591,72.14894290945372,71.84796058013235,1807202,0.009054017433528516,73.45580368041992,0.16100670527306254
2024-06-24,72.35283660888672,73.44026789411737,72.1683671482148,72.49847585180005,3251041,-0.0020088355509907396,73.3703628540039,0.1599995071729115
2024-06-25,72.5761489868164,73.38201302092952,72.2363290349372,72.35283449985613,4300495,0.003086435700328183,73.2897762298584,0.16039757494975887
2024-06-26,73.74124908447266,73.78979796719571,72.52760109159115,72.5761499743142,4238191,0.016053484704291687,73.2635612487793,0.1714618204155336
2024-06-27,75.14908599853516,75.24617635749253,73.55678040757172,73.74124986733484,5901346,0.019091579428628602,73.33152542114257,0.18292064870423352
2024-07-02,74.88693237304688,76.50837170581347,74.7801307580886,75.7510491431496,3079446,-0.0034884472912071196,73.38638191223144,0.18358550442400776
2024-07-03,75.48890686035156,75.73163646440415,74.8869347755941,74.8869347755941,4037569,0.008038445002740646,73.44706420898437,0.18426648998077585
2024-07-04,77.67347717285156,77.67347717285156,75.00345139503479,75.48891062736512,5062717,0.02893895809805902,73.60678062438964,0.20952025859950615
2024-07-07,78.63468170166016,79.41141940995283,77.18801531267283,77.67347452847581,1996731,0.01237493883104479,73.82232437133788,0.21188562105258332
2024-07-08,77.57638549804688,79.49879987740462,77.18801663723605,78.63468305104848,2808169,-0.01345838986960557,73.9048526763916,0.2074205955720452
2024-07-09,76.4112777709961,77.9647531909688,76.2170970472594,77.57638433597562,3163648,-0.015018845226813404,73.95485496520996,0.21357353729028236
2024-07-10,76.70255279541016,77.67347118522548,76.2170936005025,76.41127431545777,3201469,0.0038119376211325218,74.07524871826172,0.2056721827206941
2024-07-14,76.48895263671875,77.18801509066758,75.96465579625713,76.70255587626087,641337,-0.002784785524168165,74.20535202026367,0.20464425534465408
2024-07-15,76.21709442138672,76.69284236341474,75.63454486272715,76.48895038825988,2278134,-0.0035542154253727087,74.34322204589844,0.20369869594494203
2024-07-16,75.35298156738281,76.41127912326033,75.32385519905884,76.21709839608718,3669454,-0.011337520284182223,74.46361618041992,0.20677432218728808
2024-07-17,75.74134826660156,76.41127694148435,75.2947266808398,75.35297941582448,2832077,0.005153965923318626,74.70586051940919,0.17438481577265413
2024-07-18,75.45977783203125,76.31418334145923,75.44035531618096,75.74134505170532,2709937,-0.0037175260411157485,74.90101509094238,0.17462685353903412
2024-07-21,76.21709442138672,76.94528322159105,75.37239274644266,75.45977925437734,1889533,0.010036029936918212,75.14325904846191,0.1752938516015019
2024-07-22,78.25601959228516,78.64438842403115,76.72196678102411,76.21709248501784,4068732,0.026751546833124973,75.4636619567871,0.19385456013322666
2024-07-23,78.83856964111328,79.36286645620065,77.7705609026106,78.25602009352266,5721726,0.007444156396699153,75.81319236755371,0.19343893917834595
2024-07-24,78.98421478271484,79.90659175889255,78.8385755330531,78.8385755330531,3570213,0.0018473843737216722,76.13747940063476,0.19298999120997673
2024-07-28,79.61531066894531,79.61531066894531,78.6443922461533,78.98421221262656,1372808,0.007990152057175015,76.5006031036377,0.1918719248513507
2024-07-29,79.61531066894531,80.39204837018681,79.22694181832456,79.61531066894531,2727209,0.0,76.85256118774414,0.19256248792458255
2024-07-30,79.81919860839844,80.09105456781576,79.26577543172195,79.61530663883545,4327784,0.002560913695368594,77.15645866394043,0.18791945895629422
2024-07-31,80.8677978515625,81.04256346726872,79.71240253619798,79.81920415732512,4962602,0.013137180796672698,77.4423942565918,0.18270779425521608
2024-08-01,81.07168579101562,81.65423534513579,80.89692018402762,80.86779381744954,6079247,0.0025212500509457225,77.75163192749024,0.18079123993399815
2024-08-04,80.58622741699219,80.58622741699219,78.96479546243089,81.07168661829937,1870053,-0.005988013808851056,78.00649795532226,0.18350889597442108
2024-08-05,79.61531066894531,80.58622909173732,77.84823943576463,80.58622909173732,5095856,-0.012048172239443322,78.10358963012695,0.1643342044499089
2024-08-06,79.82891082763672,80.29494750438775,79.12984840499075,79.61530759765941,2682881,0.0026829030358193062,78.16330108642578,0.15918054112835975
2024-08-07,79.99396514892578,80.29494747787474,79.51821721437302,79.8289108012776,3950872,0.002067600817521331,78.28418006896973,0.1500095281436907
2024-08-08,79.90658569335938,80.87750407404408,79.6153072161462,79.9939647920117,1340279,-0.001092325594858723,78.4589454650879,0.13716954248908492
2024-08-11,80.64447784423828,80.87750358761507,79.61530673730853,79.90658521276984,629991,0.00923443473996688,78.65604171752929,0.13930960007008758
2024-08-12,81.97463989257812,82.33388236327212,80.68331665719856,80.64447903273006,3720441,0.01649414918289871,78.93032608032226,0.14616608550720084
2024-08-13,80.6153564453125,81.94551736751531,80.3046628425194,81.97464373535219,4226598,-0.016581755638656936,79.15023918151856,0.1610710328243735
2024-08-14,81.55714416503906,81.6542345218269,80.58622578212193,80.61535214840634,4618142,0.011682485338453397,79.46044731140137,0.15476658029331966
2024-08-15,82.52806854248047,82.52806854248047,81.55715008903952,81.55715008903952,4159609,0.011904835405671443,79.7997833251953,0.15726410253630946
2024-08-18,82.3338851928711,82.5280659143676,81.59598511764888,82.5280659143676,484281,-0.002352937043588077,80.1434886932373,0.15640833650218852
2024-08-19,81.5765609741211,82.23678578457007,81.5765609741211,82.33388355090163,2250890,-0.009198208210093983,80.41146202087403,0.16203974310489727
2024-08-20,83.87763977050781,83.97473012875747,81.46976629283019,81.57656050164117,3456356,0.028207597487674096,80.69254302978516,0.16487410715388606
2024-08-21,84.46990203857422,84.46990203857422,83.60578524250532,83.8776412132884,2988247,0.007061026868267373,80.9741096496582,0.1647589063552741
2024-08-22,86.20784759521484,86.20784759521484,83.51839941753556,84.46990273059113,5197510,0.02057473152800582,81.33529129028321,0.17532906349234487
2024-08-25,85.26605224609375,86.20784426443421,85.14953937322544,86.20784426443421,973477,-0.010924705527311729,81.61782836914062,0.18294370264959128
2024-08-26,85.43110656738281,85.80006029425917,84.56698979788726,85.26605221984308,3317253,0.001935756575344616,81.9086181640625,0.1825815957985632
2024-08-27,85.58645629882812,87.09137533664043,84.8582675170585,85.43110580310798,4274291,0.0018184211546268259,82.19698104858398,0.182656320602396
2024-08-28,85.92627716064453,86.40202509567713,85.53790832474226,85.58645720704983,1847841,0.003970498096450115,82.44990501403808,0.17914390572694722
2024-08-29,84.54757690429688,86.29522559744802,84.54757690429688,85.92627926842624,8097751,-0.016045152913701677,82.62369956970215,0.1916251174694628
2024-09-01,84.02327728271484,85.38256449279899,83.71258369819726,84.54757409549813,1183455,-0.006201237702832207,82.79555206298828,0.19174697254751483
2024-09-02,83.6349105834961,85.13983707010446,83.53782022476771,84.02327942592918,2600028,-0.0046221322445207935,82.99653205871581,0.18618012068319995
2024-09-03,84.40193939208984,84.40193939208984,82.91643537981737,83.6349129437066,3368562,0.009171155959185162,83.22518348693848,0.18766897292954685
2024-09-04,84.46990203857422,84.9262348784685,83.49898362433774,84.40193804587845,2202135,0.0008052261236397573,83.4489803314209,0.18779269606644167
2024-09-05,84.85826873779297,84.95535909525508,84.17862142051925,84.46989990042505,2427970,0.004597693259326796,83.69656448364258,0.1873172244914951
2024-09-08,82.6348648071289,84.9553591677963,82.52806319157355,84.85826881025127,2262801,-0.026201382183912436,83.79608383178712,0.21241767583932097
2024-09-09,83.0135269165039,83.37276940729417,82.33388696908433,82.63486931615302,3895240,0.004582352863513606,83.8480281829834,0.20520629718647887
2024-09-10,83.0135269165039,83.44073340203613,82.52806769476996,83.0135269165039,2706009,0.0,83.96793670654297,0.1948552538447093
2024-09-11,82.91643524169922,83.40189445575189,82.23678789751364,83.0135256030058,1997603,-0.001169588600931748,84.03590126037598,0.19128891340274104
2024-09-12,83.7902603149414,83.98444103061712,82.34358657533524,82.91643227936171,3228570,0.010538623262022817,84.09901084899903,0.19030499009737833
2024-09-16,82.97468566894531,84.5378648873149,82.86788405222296,83.79026097777792,1905046,-0.009733525626136053,84.13105087280273,0.19371368932036767
2024-09-17,82.52806854248047,83.40189663208132,82.52806854248047,82.97469014216091,3443754,-0.005382570875251846,84.1786262512207,0.1916534647897537
2024-09-18,82.77079772949219,83.20770806828213,82.52806811738223,82.52806811738223,2126266,0.002941171304485124,84.12328414916992,0.16218637535622574
2024-09-19,84.27571868896484,84.27571868896484,82.53777389281063,82.7707922308507,5133397,0.018181786339561024,84.11357498168945,0.173570763043285
2024-09-22,82.97468566894531,84.5378648873149,82.6931184437245,84.27572017832699,3642487,-0.015437815782043174,83.95191688537598,0.16357755718788683
2024-09-23,83.06207275390625,83.98444227834848,83.0135238705063,82.97468624529026,3548758,0.0010531776560094297,83.8417179107666,0.1602648558854724
2024-09-24,82.91643524169922,83.4504359326453,82.58631912423314,82.87759761567264,2352733,-0.001753357547896961,83.71598434448242,0.15982360358217046
2024-09-25,82.87759399414062,82.88730525210285,82.04260358985535,82.52806278269472,3714027,-0.00046843846392297106,83.58054122924804,0.15941001777015015
2024-09-26,82.91643524169922,83.4504359326453,82.58631912423314,82.87759761567264,2352733,0.00046865800135731384,83.43004913330078,0.1582796767447435
2024-09-29,82.52806854248047,83.15916701872108,82.52806854248047,82.91643740536084,1288113,-0.004683832560899104,83.32907371520996,0.14955193105146058
2024-09-30,82.0426025390625,83.49898009892752,82.0426025390625,82.52806172568417,4921101,-0.005882435055027169,83.23003997802735,0.1494137773787759
2024-10-01,83.83880615234375,83.9261926642083,75.07141378880756,82.04260851256669,9083433,0.021893547470364982,83.24023475646973,0.1695315985460161
2024-10-02,83.10090637207031,83.74171610307732,82.45039279000191,83.83880646633054,2067488,-0.008801410875682092,83.17518310546875,0.16888615944246407
2024-10-03,82.52806854248047,83.42131174184136,82.52806854248047,83.10090687440106,1763671,-0.0068932801650207765,83.07809143066406,0.17016843370998663
2024-10-07,82.52806854248047,83.38247411480133,82.18824856528013,82.52806854248047,3896928,0.0,82.96158142089844,0.168901853406023
2024-10-08,81.07168579101562,82.80963060286308,79.88716416671025,82.52806338007578,5165665,-0.01764712027296733,82.88342247009277,0.1542980480184778
2024-10-09,80.10076904296875,81.55714666193182,79.2366522483189,81.0716874556108,2775226,-0.011976027617702112,82.73778457641602,0.15763966492282114
2024-10-10,78.65410614013672,80.5376829063573,78.65410614013672,80.10077256446819,4719444,-0.018060536997541066,82.51981353759766,0.1677131796741309
2024-10-13,77.67347717285156,79.59589899218845,76.71226996694314,78.65410689626442,2708902,-0.012467613140730194,82.25766563415527,0.17115832673287273
2024-10-14,78.4307861328125,78.54729900598349,76.96469729403506,77.6734709759996,2121411,0.00974990418255195,81.98969192504883,0.1703392438302821
2024-10-15,77.62492370605469,78.74148135603167,77.01324777611997,78.43078776197474,5262020,-0.010274822764025138,81.72220382690429,0.17062331695424138
2024-10-16,77.29481506347656,78.64439105816952,77.2365623293953,77.62492376662985,3697700,-0.004252611491486369,81.46054115295411,0.1704850259221089
2024-10-17,76.70255279541016,77.81911042520166,76.70255279541016,77.29481360579905,1659445,-0.0076623802978249556,81.15712890625,0.16955856707332082
2024-10-20,74.28497314453125,76.96470274974418,74.28497314453125,76.70255802592638,1365111,-0.031518894258022345,80.65759162902832,0.17596983636654745
2024-10-21,77.1880111694336,77.1880111694336,73.78979684121953,74.28496728886472,2313918,0.03907974792228974,80.36825790405274,0.2347336383123502
2024-10-22,76.99383544921875,77.67347539592515,76.21709773225156,77.18801617470062,3558344,-0.0025156202015441664,80.06484603881836,0.23415563211986323
2024-10-23,76.37244415283203,77.66375998249057,76.31418401228842,76.99383133015449,1675650,-0.008070662966213171,79.737646484375,0.23453846390057723
2024-10-24,76.60546112060547,77.1880106629731,76.12000193404589,76.37244278516229,2149992,0.0030510607635803044,79.42403984069824,0.23557163341653847
2024-10-27,78.54730224609375,78.83857332975715,76.64430301758455,76.60546539159215,2252558,0.025348599134872307,79.20558319091796,0.257149880529234
2024-10-28,78.53759002685547,79.32403157290067,77.6734732297758,78.5473012851147,10426951,-0.00012364803068409813,79.00605926513671,0.25716433912722136
2024-10-29,77.65406036376953,78.83857464242112,77.38219697729619,78.53759229536833,2723678,-0.011249767949128797,78.78663215637206,0.25884211705634785
2024-10-30,77.42103576660156,78.30457511898872,77.1880174107878,77.6540615299353,3502332,-0.0030008037709343682,78.46574363708496,0.2421166018634201
2024-10-31,77.67347717285156,78.74148600247428,77.4210362979342,77.4210362979342,5291366,0.003260630702629941,78.19437217712402,0.24263959172341643
2024-11-03,78.65410614013672,78.98421485933828,77.99388129421364,77.67347642615097,1301130,0.012625016968184744,78.00067405700683,0.24858320305287862
2024-11-04,77.8676528930664,79.61530898002601,77.77056253435077,78.654101835958,5535976,-0.009998883537867709,77.76765327453613,0.24989436820337577
2024-11-05,78.35311126708984,78.7414801053724,78.06184019401752,77.8676520711165,2900789,0.006234403580779535,77.63172454833985,0.24539452072075976
2024-11-06,78.64439392089844,79.22694350547519,78.36282668339037,78.35311542485013,1500449,0.003717563337283014,77.55890579223633,0.2428961801954427
2024-11-07,78.65410614013672,79.13956536780016,78.49875563167484,78.64439488147787,3772063,0.0001234953790609783,77.55890579223633,0.23418425242809823
2024-11-10,79.72211456298828,79.8580425534564,78.69294337586682,78.65410574894452,1848763,0.013578546311984185,77.66133766174316,0.23389136765523516
2024-11-11,80.06193542480469,80.58623228277575,79.6153138215375,79.7221154448753,4228778,0.00426256708918471,77.74289512634277,0.2320989026573216
2024-11-12,79.66385650634766,80.362911521706,79.57646999972823,80.06192919255784,1724733,-0.004972137087928763,77.84484176635742,0.22939025193761772
2024-11-13,80.10076904296875,80.56681314034557,79.7026889381761,79.66385872028768,2571832,0.005484451240272081,77.98513946533203,0.22881340994926225
2024-11-14,80.21728515625,80.87750999978984,80.10077227532418,80.10077227532418,2624095,0.0014546191587592183,78.16087608337402,0.22604094116429482
2024-11-17,79.34345245361328,80.5279740811495,79.33374119555428,80.21728049093667,690506,-0.010893321818790547,78.41380004882812,0.19475791643398757
2024-11-18,78.66380310058594,79.73181923390679,78.65409925029707,79.34345040429187,1084366,-0.008565916052426514,78.48758964538574,0.14629251170757926
2024-11-19,77.8676528930664,79.1298497789283,77.8676528930664,78.66380568656588,962925,-0.0101209218997651,78.53128051757812,0.15111920575698734
2024-11-20,77.67347717285156,78.14922514642967,77.19772919927345,77.86765790277569,2751266,-0.0024936634533148094,78.5963321685791,0.1481388720529293
2024-11-21,77.48899841308594,78.15893450784525,77.48899841308594,77.67347528729962,2179682,-0.0023750547352874296,78.64050903320313,0.1483391037545836
2024-11-24,77.52783203125,77.91620086911082,77.48899440671197,77.48899440671197,1680272,0.0005011500852940554,78.58953552246093,0.11610918306026896
2024-11-25,76.94528198242188,78.15892996321718,76.94528198242188,77.52783153169973,6946766,-0.007514076346070264,78.50992012023926,0.1186201612006323
2024-11-26,77.67347717285156,77.67347717285156,76.98412595184492,76.94528832435608,1231100,0.009463805598841635,78.51089096069336,0.11765808407453324
2024-11-27,76.3141860961914,77.67347336152197,76.3141860961914,77.67347336152197,2197863,-0.01750006728339515,78.45554847717285,0.13289577403870004
2024-11-28,79.03276062011719,79.03276062011719,76.1005828527586,76.31418608968774,2360058,0.035623449098953985,78.52351264953613,0.18505757549745322
2024-12-01,78.87741088867188,79.01333887576982,78.07155422445402,79.03276139250937,1593370,-0.0019656371639606984,78.5346778869629,0.18000824020675718
2024-12-02,79.1201400756836,79.61531054463991,78.45021140211648,78.87741047036457,4394590,0.003077296583102962,78.59730224609375,0.17612215244577964
2024-12-03,79.95513153076172,80.10077077731535,78.66380823618329,79.12014108520873,7070349,0.010553462800740654,78.67740325927734,0.17852240788595816
2024-12-04,79.90658569335938,80.19785676305315,79.6153072161462,79.95512716788198,1661313,-0.0006071634987389052,78.74051284790039,0.17833230897394084
2024-12-05,79.61531066894531,80.52797635677611,79.61531066894531,79.9065891587908,3518496,-0.003645194221310155,78.78857307434082,0.17903790940653536
2024-12-08,79.80949401855469,80.48914138140114,79.62502454926319,79.61531329060996,712486,0.0024390201831507863,78.79294204711914,0.17263529780549036
2024-12-09,79.61531066894531,80.19786024111659,79.61531066894531,79.80949139049584,2292861,-0.0024330858376853115,78.77061080932617,0.17213466802168936
2024-12-10,78.45021057128906,80.09105764875487,78.45021057128906,79.61530970147352,951351,-0.014634121098904496,78.70992851257324,0.1789508896494735
2024-12-11,79.60559844970703,80.07164254633034,78.64439129685101,78.45021057764441,2058924,0.014727658090452733,78.68516998291015,0.1860594821725758
2024-12-12,80.5765151977539,80.79982968700014,79.51821770713687,79.60559680672054,3788611,0.012196588769573413,78.70313148498535,0.1911974166793176
2024-12-15,81.06197357177734,81.26586554292575,80.19785680511629,80.57651438118037,1254864,0.0060248122276325144,78.78905754089355,0.18746544699101983
2024-12-16,81.265869140625,81.37267075988606,80.87750769696989,81.06197716045014,3952970,0.002515304770702498,78.91916084289551,0.18395161418452272
2024-12-17,79.64443969726562,81.26587173969396,79.64443969726562,81.26587173969396,1252397,-0.019952157781683244,79.00800018310547,0.19528592602633446
2024-12-18,80.68331909179688,81.55714714990695,79.90658880154766,79.6444366803548,2568768,0.01304396638962002,79.15849227905274,0.1991382564398826
2024-12-19,81.54743957519531,81.54743957519531,79.63472901924413,80.68332273634223,8850138,0.010710026472947831,79.36141433715821,0.20075561240757997
2024-12-22,81.10081481933594,81.55714766408815,80.63477812375218,81.5474364057369,1234435,-0.005476870373686493,79.5400634765625,0.20270885349724324
2024-12-23,80.19786071777344,81.24645439842587,80.19786071777344,81.10081515263751,3239666,-0.011133724162623593,79.70269241333008,0.2054297358661692
2024-12-24,79.081298828125,80.7804059875416,78.83856923392263,80.19785644295979,3141753,-0.013922589451329181,79.77308349609375,0.21108364679114008
2024-12-25,79.22694396972656,79.71240319430518,78.84828636715683,79.08130472084899,483564,0.0018417140810762511,79.91872138977051,0.19946797659386664
2024-12-26,78.53759002685547,79.61531006052019,78.50846365959745,79.22694121286737,1506317,-0.008701003829385434,79.89396286010742,0.15795282797962415
2024-12-29,76.75110626220703,79.1201422377443,76.75110626220703,78.53759265056365,1141730,-0.022746862541078272,79.78764762878419,0.17699392434212968
2024-12-30,76.32389831542969,77.67347433947651,76.21709669561133,76.75110479470312,2660471,-0.0055661470900219,79.64783554077148,0.17681389660005917
2024-12-31,76.21709442138672,77.2753919220743,76.12971532097157,76.32389603801825,2586038,-0.001399350614948558,79.46093368530273,0.17078064969176465
2025-01-02,76.80935668945312,77.1783030218208,76.32389748014424,76.21709586149471,839510,0.00777072745376417,79.30607223510742,0.17445518210575306
2025-01-05,76.73168182373047,77.188014667977,76.70255545622872,76.80935707541492,778429,-0.0010112682760343716,79.16189079284668,0.17435963499064416
2025-01-06,76.55691528320312,77.09092337266105,76.27534805489982,76.73168089361485,988286,-0.002277632085907144,78.9992618560791,0.1736463533656097
2025-01-08,76.79964447021484,77.46958054108491,76.1200045486942,76.55691486859753,2704606,0.0031705716735555,78.85847854614258,0.17460665492986815
2025-01-09,75.24617767333984,77.43074412192068,75.24617767333984,76.79964566638228,575703,-0.020227525890142317,78.69827690124512,0.18109298917727074
2025-01-12,74.04224395751953,75.43065765394205,73.81892945203731,75.24618077582717,1885655,-0.01599993186427162,78.42010917663575,0.1761817062579331
2025-01-13,71.55668640136719,75.03257621071148,71.55668640136719,74.04224265656484,5257592,-0.03356945202225892,77.9691177368164,0.19571936245436705
2025-01-14,72.81887817382812,73.72183255948437,70.87704142252605,71.55668132247403,2176304,0.01763904724963372,77.55696296691895,0.20895618733133217
2025-01-15,73.3043441772461,73.8771825165315,72.3334257113223,72.81888494428419,2135244,0.006666760263170923,77.15888671875,0.2115102725389711
2025-01-16,74.0810775756836,74.66362713962667,73.3043398854131,73.3043398854131,2139146,0.010596007742179614,76.8807186126709,0.21077207158440958
2025-01-19,74.18788146972656,74.74130468358211,73.30434213474463,73.30434213474463,2540348,0.0014417162592410548,76.55594673156739,0.20253442543710626
2025-01-20,73.6053237915039,74.76071909335296,73.55678231452657,74.25584476917408,1840382,-0.007852464131360537,76.15884094238281,0.1951013331376008
2025-01-21,74.17816925048828,74.45973648301637,73.69271003734048,73.6053235270636,689211,0.007782663392759792,75.81270866394043,0.20031327838129784
2025-01-22,73.93544006347656,75.24617846490975,73.93544006347656,74.17816967142788,1734049,-0.0032722455874053535,75.49958763122558,0.19873267099434164
2025-01-23,74.26554870605469,74.88693590923428,73.70242164584302,73.93543999515542,1107234,0.004464822854840733,75.25880012512206,0.19724630192034232
2025-01-26,74.87722778320312,75.73163328691261,74.2655444658426,74.2655444658426,1257177,0.008236377267869965,75.0413143157959,0.20063206230043365
2025-01-27,74.27526092529297,75.391818616785,74.12962167726882,74.87723302695021,1084701,-0.008039384946956996,74.82819786071778,0.20038505657253888
2025-01-28,74.12962341308594,74.82868589395521,73.69271306630266,74.27526266452037,2156180,-0.0019607808897974532,74.69712371826172,0.18587650775420134
2025-01-29,73.89659881591797,74.7607155852761,73.78979720105174,74.12961715402638,1495449,-0.003143474719538797,74.57575874328613,0.185401374522418
2025-01-30,73.98397827148438,75.24617514006748,73.92572553855635,73.89659917209234,1999292,0.0011824557146951076,74.46410293579102,0.18565538815224747
2025-02-02,74.12962341308594,74.94519877660677,74.09078578553542,73.98398416165149,565288,0.0019686038113160276,74.33011627197266,0.18296868335914998
2025-02-03,74.45973205566406,74.72187675586815,74.12961595844189,74.12961595844189,1860212,0.00445312720312363,74.21651878356934,0.18426906643695326
2025-02-04,74.33351135253906,75.2461770314559,74.2752586181468,74.45973548708182,1310213,-0.001695153872305677,74.10534858703613,0.18424542259702828
2025-02-05,75.24617767333984,75.24617767333984,74.08107853043795,74.33351198663755,1862235,0.012277992848640062,74.02767524719238,0.18999364089748652
2025-02-06,75.73163604736328,75.73163604736328,74.76071763649965,75.24617684193147,849156,0.006451601782763161,74.05194816589355,0.17727118532974534
2025-02-09,75.18792724609375,75.82872957210118,74.46944225865036,75.7316392084661,298223,-0.007179414438234111,74.10923233032227,0.16903411872438254
2025-02-10,74.80926513671875,76.31418420121747,74.7801313626151,75.18792271735207,915552,-0.005036208913375417,74.27186126708985,0.11313785603554917
2025-02-11,74.96460723876953,75.48890405292691,74.71216638583759,74.8092641498633,1717139,0.0020765088624634664,74.37914772033692,0.09746062464294912
2025-02-12,75.34326934814453,75.43065585952222,74.08107982257211,74.96461174972082,3368646,0.005051211809446565,74.48109397888183,0.09648210355672128
2025-02-13,75.721923828125,75.73163508621587,74.78013179633689,75.34326624529548,1155513,0.005025724039539492,74.56313629150391,0.09132090494800205
2025-02-16,76.226806640625,76.8967353081467,75.24617696987978,75.72192491790642,675618,0.006667590929754885,74.66508255004882,0.09343104876297346
2025-02-17,77.38219451904297,77.67347300582266,76.27534812131157,76.2268066451947,2652116,0.015157238369765347,74.85392608642579,0.09884088564775435
2025-02-18,76.94528198242188,77.67347077089906,76.70255238626281,77.38219229250042,1613489,-0.005646163685802064,74.99228172302246,0.10083800468772088
2025-02-19,77.64434814453125,78.0618433663355,77.30452817504401,76.94528568871765,2367137,0.009085237510326749,75.1777271270752,0.10204258547486593
2025-02-20,76.70255279541016,77.81911042520166,76.31418395798013,77.64434481873413,1891460,-0.01212960597425572,75.29957733154296,0.11403626592927318
2025-02-23,77.42103576660156,77.46958465250943,76.50837745319765,76.70255818178913,714495,0.00936713244874432,75.4267677307129,0.114970570095557
2025-02-24,77.32394409179688,77.47929459805312,76.57634015111833,77.4210344544471,1897190,-0.001254073571133607,75.57920188903809,0.10975403541165692
2025-02-25,75.34326934814453,77.32394385164076,75.27530535374848,77.32394385164076,2487313,-0.025615283427613877,75.63988418579102,0.14698274952488521
2025-02-26,74.28497314453125,75.88699007847548,74.28497314453125,75.34327070598825,2730439,-0.014046327067692377,75.65930290222168,0.1557485848559358
2025-02-27,73.49851989746094,74.94519364649057,73.49851989746094,74.28496883836523,5241943,-0.010586976258847969,75.63502998352051,0.1604057268901558
2025-03-02,74.27526092529297,74.36264002959554,73.57619846079291,73.49852320751071,1048043,0.010568117955513712,75.64231185913086,0.16484783043854578
2025-03-03,74.86752319335938,75.44036153029869,74.17817197427918,74.27526233896991,3223736,0.007973883372313084,75.66270141601562,0.16653200897474194
2025-03-04,74.03253173828125,75.29472868502384,74.03253173828125,74.86752219704576,1338446,-0.011152919443075504,75.64765243530273,0.1713678808808441
2025-03-05,75.24617767333984,75.44035839465026,74.09078238123968,74.0325296463505,1911317,0.01639341390281035,75.64765243530273,0.17588853689023382
2025-03-06,75.24617767333984,75.50832238786089,74.77042972086554,75.24617767333984,915731,0.0,75.62337951660156,0.17426169251499415
2025-03-09,75.54715728759766,75.73163415144971,75.05199424386754,75.24617495817118,1535957,0.003999932269841411,75.64134101867675,0.17289050474363346
2025-03-10,75.6345443725586,75.78988746368529,75.25588679150789,75.54715786519024,3001977,0.0011567223453328168,75.68260498046875,0.1717515411841544
2025-03-11,74.94519805908203,75.63454927458383,74.58595556331913,75.63454927458383,595010,-0.0091141728848263,75.68163452148437,0.17504160940823835
2025-03-12,74.7607192993164,74.99373764900095,74.65391767914437,74.94519617188988,2051147,-0.002461515407834347,75.65250701904297,0.17422131476356684
2025-03-13,74.80926513671875,75.14908509273333,74.683041004828,74.76071625406546,3098373,0.0006493495228152568,75.60687408447265,0.1731259047684363
2025-03-16,74.4791488647461,75.14908492476278,74.27525689159307,74.80926496950774,923662,-0.004412772553898825,75.51949119567871,0.17145933655006337
2025-03-17,75.6636734008789,75.81901649747027,74.1975845002892,74.47915173335078,1804081,0.015904109461346128,75.43356513977051,0.17241660264156675
2025-03-18,75.73163604736328,75.73163604736328,75.2558881001456,75.66367205490361,1253264,0.0008982202876179901,75.37288284301758,0.17167421852194953
2025-03-19,75.82872772216797,75.82872772216797,75.4015286510917,75.73163736090153,881742,0.0012820490863814094,75.28210182189942,0.16794569475130627
2025-03-20,76.60546112060547,77.67346984953268,75.73163310329437,75.82872345910242,5549708,0.0102432603285052,75.27724723815918,0.16728454790071032
2025-03-23,79.41141510009766,79.6153070707668,76.79964229041875,76.60546157764414,2161641,0.03662864159350954,75.37676620483398,0.2100705720498585
2025-03-24,79.51821899414062,80.24640779920139,79.12985014993762,79.4114173767968,1777412,0.00134494384602446,75.48647994995117,0.209845278562302
2025-03-25,79.333740234375,80.10076664631477,79.13955952066442,79.51821709766364,1439144,-0.0023199558805412357,75.68600349426269,0.1847372350282509
2025-03-26,79.51821899414062,79.90658783834361,78.45021022822206,79.3337421264523,1952047,0.0023253505913198858,75.94766578674316,0.1739404791880097
2025-03-27,80.0522232055664,80.0522232055664,79.15898000974974,79.51822250280466,1811512,0.006715495117730619,76.27535095214844,0.16606481584195837
2025-04-03,77.38219451904297,79.98425616103881,77.38219451904297,80.05222015361812,1813159,-0.033353585692018295,76.43069763183594,0.21122917235017874
2025-04-06,76.3141860961914,77.38219487340841,75.05199659857847,77.38219487340841,1164359,-0.013801733454182896,76.50303077697754,0.2173009815003702
2025-04-07,75.87727355957031,77.18801190283149,75.10053588559065,76.31418387148422,2512404,-0.005725181109451638,76.59526786804199,0.21408995137313522
2025-04-08,76.41999816894531,77.55999755859375,76.4000015258789,78.1500015258789,2082560,0.007152663556748928,76.65395889282226,0.2078822193028418
2025-04-09,76.0,76.94999694824219,75.30000305175781,76.41999816894531,1131496,-0.005495919641568148,76.69165000915527,0.2090940826497422
2025-04-10,78.98999786376953,78.98999786376953,76.0199966430664,76.0,1824939,0.039342077154862265,76.86379203796386,0.250327810471329
2025-04-13,78.5,78.80000305175781,77.69999694824219,78.98999786376953,714482,-0.006203289999002215,77.00706481933594,0.252148985301694
2025-04-14,77.19999694824219,79.0,77.19999694824219,78.5,915379,-0.01656054843003585,77.11980476379395,0.2578160547237427
2025-04-15,76.80000305175781,77.68000030517578,76.80000305175781,77.19999694824219,1853016,-0.0051812682939942345,77.22176895141601,0.2585650521088677
2025-04-16,77.0,77.27999877929688,76.23999786376953,76.80000305175781,1113720,0.0026041268267580353,77.33130569458008,0.2585757080130178
2025-04-17,77.69999694824219,77.91999816894531,77.0,77.0,2077370,0.009090869457690776,77.49234809875489,0.25887484260908405
2025-04-22,77.26000213623047,77.94999694824219,76.80999755859375,77.69999694824219,1130069,-0.005662739115740334,77.57216453552246,0.25507313751915117
2025-04-23,79.48999786376953,79.48999786376953,77.06999969482422,77.26000213623047,2580365,0.028863521432564543,77.76008262634278,0.27334495572682105
2025-04-27,79.91999816894531,80.19000244140625,79.4000015258789,79.48999786376953,1614706,0.005409489454418104,77.96464614868164,0.27348073422735564
2025-04-28,80.5,80.5999984741211,79.6500015258789,79.91999816894531,4859622,0.00725728033462425,78.15937309265136,0.2726026116790228
2025-04-29,79.95999908447266,80.80999755859375,79.95999908447266,80.5,786823,-0.006708085907171979,78.18680229187012,0.24265722320575597
2025-04-30,80.97000122070312,80.97000122070312,79.80000305175781,79.95999908447266,1895757,0.012631342518694355,78.25939140319824,0.24648343875078121
2025-05-04,80.69999694824219,81.25,80.5,80.97000122070312,783156,-0.003334621074352895,78.3277042388916,0.24669196749346148
2025-05-05,80.87000274658203,81.48999786376953,80.5999984741211,80.69999694824219,2463210,0.002106639464297455,78.39529342651367,0.24667723092444407
2025-05-06,81.88999938964844,82.23999786376953,80.30000305175781,80.87000274658203,2314252,0.012612793476249884,78.48718223571777,0.24937648583240932
2025-05-07,80.0,82.19999694824219,80.0,81.88999938964844,1727286,-0.023079733834841742,78.61807250976562,0.23256733100839372
2025-05-08,79.8499984741211,81.0,79.80999755859375,80.0,811481,-0.001875019073486306,78.79486312866212,0.22573150971307657
2025-05-11,78.5999984741211,80.5,78.5999984741211,79.8499984741211,1762984,-0.01565435220897493,78.93099937438964,0.23308158115936808
2025-05-12,79.44999694824219,81.0,79.19999694824219,78.5999984741211,4820875,0.010814230160589133,79.08249931335449,0.23454095191025529
2025-05-13,80.0,80.5999984741211,79.5199966430664,79.44999694824219,2388721,0.006922631502630727,79.28249931335449,0.23338220309457886
2025-05-14,81.38999938964844,81.38999938964844,80.0,80.0,2273637,0.01737499237060547,79.40249938964844,0.1979349626434377
2025-05-15,81.19999694824219,81.51000213623047,80.75,81.38999938964844,3089941,-0.0023344691341823376,79.53749923706054,0.19638981675449044
2025-05-18,80.68000030517578,81.48999786376953,80.19999694824219,81.19999694824219,1040763,-0.006403899785832001,79.71149940490723,0.18689982049498896
2025-05-19,79.30000305175781,81.0,79.20999908447266,80.68000030517578,2714432,-0.017104576700521346,79.83649940490723,0.1976875641886916
2025-05-20,79.7699966430664,80.48999786376953,79.30000305175781,79.30000305175781,4105628,0.005926778981355518,79.97499923706054,0.19824538914068845
2025-05-21,80.11000061035156,80.88999938964844,79.70999908447266,79.7699966430664,1941801,0.0042623038936120405,80.09549942016602,0.19663830504611013
2025-05-22,79.9000015258789,80.5,79.83000183105469,80.11000061035156,1074737,-0.0026213841327261678,80.22749938964844,0.19544089596858483
2025-05-25,79.9000015258789,80.30000305175781,79.9000015258789,79.9000015258789,1702788,0.0,80.24799957275391,0.16714510626244522
2025-05-26,79.9000015258789,80.37999725341797,79.9000015258789,79.9000015258789,1372391,0.0,80.24699974060059,0.16605561281685466
2025-05-27,81.25,81.25,79.83000183105469,79.9000015258789,751472,0.016896100730158903,80.28449974060058,0.17490144617395711
2025-05-28,81.4000015258789,81.5999984741211,80.8499984741211,81.25,1203815,0.001846172626202014,80.3564998626709,0.17283523779473123
2025-05-29,82.8499984741211,82.8499984741211,81.0999984741211,81.4000015258789,7822260,0.017813229988468793,80.4504997253418,0.17837075401887992
2025-06-01,80.6500015258789,81.9000015258789,80.5,82.8499984741211,3527979,-0.026553976931325773,80.44799995422363,0.20348813416824665
2025-06-02,80.36000061035156,80.7699966430664,80.20999908447266,80.6500015258789,2697442,-0.0035957955367711403,80.42249984741211,0.2037293745598884
2025-06-03,81.0,81.12999725341797,80.3499984741211,80.36000061035156,1841870,0.007964153618560177,80.37799987792968,0.2004827460159953
2025-06-04,81.88999938964844,81.88999938964844,80.51000213623047,81.0,2247544,0.010987646785783234,80.47249984741211,0.18543146115623513
2025-06-10,80.9000015258789,81.79000091552734,80.9000015258789,81.88999938964844,12160562,-0.012089362207208354,80.525,0.1911585704157532
2025-06-11,82.55000305175781,82.55000305175781,81.0,80.9000015258789,3055602,0.02039556853841451,80.72250022888184,0.19301756371581932
2025-06-12,81.5,82.5,81.25,82.55000305175781,1796673,-0.012719600399039077,80.82500038146972,0.1976347805153122
2025-06-15,78.0,78.5,77.02999877929688,81.5,3256853,-0.042944785276073594,80.72500038146973,0.2510358297796521
2025-06-16,79.0999984741211,80.0,78.0,78.0,3879188,0.014102544540014028,80.61050033569336,0.2480852072786874
2025-06-17,79.80000305175781,79.9000015258789,78.5,79.0999984741211,2809106,0.008849615564350932,80.54050064086914,0.25063518933671974
2025-06-18,80.01000213623047,80.1500015258789,78.38999938964844,79.80000305175781,1377096,0.0026315673739567558,80.50700073242187,0.2499828311176423
2025-06-19,78.62000274658203,80.0,78.62000274658203,80.01000213623047,8388452,-0.017372820304163095,80.47300071716309,0.2502237241532612
2025-06-22,79.80000305175781,79.9000015258789,77.31999969482422,78.62000274658203,1610242,0.015008906944194766,80.47450103759766,0.2552528654505546
2025-06-23,79.12000274658203,80.08000183105469,79.02999877929688,79.80000305175781,1185213,-0.008521306756526514,80.42500114440918,0.2565468047732765
2025-06-24,82.80000305175781,82.80000305175781,80.5,79.12000274658203,4003416,0.04651163014949167,80.57000122070312,0.3057180246887361
2025-06-25,83.9000015258789,83.9000015258789,82.01000213623047,82.80000305175781,2225538,0.013285005236455039,80.77000122070312,0.3082149026311664
2025-06-29,84.94000244140625,85.30000305175781,84.01000213623047,83.9000015258789,2748286,0.012395719864278565,81.02200126647949,0.309950676628579
2025-06-30,84.30000305175781,85.44999694824219,84.0,84.94000244140625,5040837,-0.007534722995680698,81.17450141906738,0.30780330873517747
2025-07-01,84.95999908447266,84.95999908447266,84.08000183105469,84.30000305175781,897061,0.007829134149729855,81.35250129699708,0.30848961990697454
2025-07-02,84.44000244140625,85.0,83.5,84.95999908447266,1845990,-0.006120487860991952,81.43200149536133,0.3042178807633706
2025-07-06,83.30000305175781,84.38999938964844,83.30000305175781,84.44000244140625,887454,-0.013500702945141385,81.56450157165527,0.29173835235754547
2025-07-07,83.5199966430664,84.0,83.0999984741211,83.30000305175781,1102982,0.002640979390743814,81.72250137329101,0.29105381575397254
2025-07-09,84.0,84.69999694824219,83.55000305175781,83.5199966430664,1782414,0.0057471668609487825,81.87250137329102,0.2905663419358078
2025-07-10,84.94000244140625,84.94000244140625,83.5999984741211,84.0,2025164,0.011190505254836225,82.0250015258789,0.2906506381181899
2025-07-13,84.12000274658203,84.93000030517578,84.01000213623047,84.94000244140625,477977,-0.009653869452027286,82.18600158691406,0.2892109775526646
2025-07-14,87.0,87.05000305175781,83.80000305175781,84.12000274658203,4427429,0.034236770796289395,82.40850143432617,0.30458196508757723
2025-07-15,89.0,89.0,86.13999938964844,87.0,3027466,0.02298850574712641,82.78350143432617,0.3068108615147385
2025-07-16,87.9800033569336,89.9800033569336,87.5999984741211,89.0,1853892,-0.011460636438948346,83.28250160217286,0.25869842697891526
2025-07-17,89.9800033569336,90.0,87.55000305175781,87.9800033569336,2748573,0.022732438323354254,83.82650184631348,0.2639713074996659
2025-07-20,90.0,90.83999633789062,89.0,89.9800033569336,1141199,0.00022223430007084488,84.33650169372558,0.26476881616481124
2025-07-21,91.5,91.5,90.0,90.0,3688756,0.016666666666666607,84.91100158691407,0.26696413276305736
2025-07-22,90.5999984741211,91.5,90.51000213623047,91.5,1773959,-0.009836082250042733,85.51000137329102,0.2591138293166246
2025-07-23,90.5999984741211,90.5999984741211,90.5999984741211,90.5999984741211,0,0.0,86.05000114440918,0.2586230000074497
2025-07-27,94.98999786376953,94.98999786376953,91.5,92.0,2469763,0.04845474021616458,86.84350090026855,0.2917188158407317
2025-07-28,94.9000015258789,95.0,94.44999694824219,94.98999786376953,5355639,-0.0009474296232714341,87.44850082397461,0.258231354208819
2025-07-29,93.69999694824219,95.30000305175781,93.69999694824219,94.9000015258789,4828693,-0.01264493739032746,87.93850059509278,0.26610029209758024
2025-07-30,94.30000305175781,94.98999786376953,93.69000244140625,93.69999694824219,2901714,0.006403480502214398,88.40650062561035,0.2649391884600239
2025-07-31,94.0999984741211,95.19999694824219,94.0,94.30000305175781,1849907,-0.002120939248824283,88.89650039672851,0.262123541187463
2025-08-03,94.0999984741211,94.0999984741211,94.0999984741211,94.0999984741211,0,0.0,89.35350036621094,0.26272937198175916
2025-08-04,94.0999984741211,94.0999984741211,94.0999984741211,94.0999984741211,0,0.0,89.83650016784668,0.2601013118660972
2025-08-05,94.0999984741211,94.0999984741211,94.0999984741211,94.0999984741211,0,0.0,90.37649993896484,0.25124617505752705
2025-08-06,94.0999984741211,94.0999984741211,94.0999984741211,94.0999984741211,0,0.0,90.90550003051757,0.2519206655038027
2025-08-07,94.0999984741211,94.0999984741211,94.0999984741211,94.0999984741211,0,0.0,91.41049995422364,0.252851390337412
2025-08-10,100.01000213623047,102.0,99.55000305175781,100.0999984741211,1100978,0.06280556597176479,92.16399993896485,0.3238306254333052
2025-08-11,99.0,100.88999938964844,98.80999755859375,100.01000213623047,4558835,-0.010099011245441991,92.90799980163574,0.3241633224680552
2025-08-12,99.5,99.80000305175781,98.11000061035156,99.0,1412114,0.005050505050504972,93.53299980163574,0.3094978394663571
2025-08-13,99.8499984741211,99.9000015258789,98.80000305175781,99.5,1554536,0.003517572604232022,94.0754997253418,0.3037462069767154
2025-08-14,98.30000305175781,99.83000183105469,98.30000305175781,99.8499984741211,1200893,-0.015523239319477855,94.59149971008301,0.30715568069114135
2025-08-17,100.0,100.0,98.19999694824219,98.30000305175781,416556,0.017293966383165715,95.09249954223633,0.3037516321912787
2025-08-18,99.5999984741211,101.5,99.5999984741211,100.0,5111258,-0.004000015258789014,95.57249946594239,0.30508450315681807
2025-08-19,100.9800033569336,101.01000213623047,99.80999755859375,99.5999984741211,4961200,0.013855470923235691,96.04649963378907,0.303850059888479
2025-08-20,99.51000213623047,101.11000061035156,99.0999984741211,100.9800033569336,1818139,-0.014557349691375232,96.49199981689453,0.3073720755753928
2025-08-21,99.0,100.19999694824219,99.0,99.51000213623047,1800912,-0.0051251344114360275,96.91199989318848,0.3089842049235083
2025-08-24,98.51000213623047,99.48999786376953,98.2300033569336,99.0,644805,-0.004949473371409385,97.08800010681152,0.2632620789728791
2025-08-25,99.0199966430664,99.4000015258789,98.5199966430664,98.51000213623047,694526,0.005177083501944013,97.2939998626709,0.2632663254088844
2025-08-26,97.0,100.0,97.0,99.0199966430664,12828089,-0.020399885998257594,97.4590000152588,0.27042894159549513
2025-08-27,97.98999786376953,98.0999984741211,96.5999984741211,97.0,1341819,0.010206163544015823,97.64349975585938,0.27160940905546554
2025-08-28,97.12999725341797,98.9800033569336,97.0,97.98999786376953,1423537,-0.008776412175732218,97.79499969482421,0.2739841421719844
2025-08-31,96.51000213623047,97.62000274658203,95.98999786376953,97.12999725341797,685120,-0.006383147685775081,97.91549987792969,0.2754497529042029
2025-09-01,95.01000213623047,97.0,94.30000305175781,96.51000213623047,6492576,-0.015542430492154091,97.96100006103515,0.2819493204132443
2025-09-02,96.0,96.0,94.5999984741211,95.01000213623047,1476015,0.01041993307557254,98.05600013732911,0.2840598857012329
2025-09-03,96.0,96.0,95.30000305175781,96.0,1682622,0.0,98.15100021362305,0.2840598857012329
2025-09-07,94.0999984741211,96.23999786376953,94.0999984741211,96.0,401763,-0.019791682561238644,98.15100021362305,0.2936469660802371
2025-09-08,95.87999725341797,95.9800033569336,94.16000366210938,94.0999984741211,4657495,0.018916034093097167,97.94449996948242,0.19381655965338773
2025-09-09,94.0,96.19999694824219,93.30000305175781,95.87999725341797,2713804,-0.0196078150529041,97.69449996948242,0.20183654785454624
2025-09-10,94.87999725341797,95.19999694824219,93.0999984741211,94.0,911228,0.009361672908701824,97.46349983215332,0.20454071998689044
2025-09-11,95.98999786376953,96.0,94.05999755859375,94.87999725341797,1182237,0.011698994967156429,97.27049980163574,0.2096231184500419
2025-09-14,96.5,97.0,95.97000122070312,95.98999786376953,1147803,0.005313075816026913,97.18049964904785,0.20463362483249717
2025-09-15,97.94000244140625,97.98999786376953,96.5,96.5,2385696,0.014922305092292643,97.07749977111817,0.20200166494246136
2025-09-16,97.01000213623047,98.69999694824219,97.01000213623047,97.94000244140625,3206056,-0.009495612436115297,96.94799995422363,0.20402922206200133
2025-09-17,98.4000015258789,98.69999694824219,97.01000213623047,97.01000213623047,2204807,0.014328413143383623,96.81899986267089,0.20449961975718076
2025-09-18,98.9800033569336,99.0999984741211,97.80000305175781,98.4000015258789,3475911,0.005894327459966098,96.79249992370606,0.19962861510993452
2025-09-21,97.0,99.0,97.0,98.9800033569336,651952,-0.0200040744572767,96.69249992370605,0.2111590893648317
2025-09-22,96.0,97.6500015258789,94.9800033569336,97.0,3985165,-0.010309278350515427,96.56699981689454,0.21335604009363293
2025-09-23,95.70999908447266,96.55000305175781,95.37000274658203,96.0,1187201,-0.0030208428700765344,96.40149993896485,0.21208499079325638
2025-09-24,98.75,99.0,95.70999908447266,95.70999908447266,1819071,0.0317626261060171,96.48899993896484,0.2308016837881527
2025-09-25,97.5,99.0,97.5,98.75,1348812,-0.012658227848101222,96.46450004577636,0.2329583014017279
2025-09-28,99.4000015258789,100.0,97.5,97.5,1730868,0.019487195137219526,96.57800025939942,0.2405542104275088
2025-09-29,99.75,99.9000015258789,98.5999984741211,99.4000015258789,2594141,0.003521111355616835,96.7400001525879,0.2389415846618521
2025-09-30,101.0,101.0,99.05999755859375,99.75,4079424,0.012531328320801949,97.03950004577636,0.23267734564274847
2025-10-01,102.01000213623047,103.19999694824219,100.30000305175781,101.0,2296215,0.010000021150796679,97.34000015258789,0.23250836812102757
2025-10-02,103.29000091552734,103.4000015258789,102.0,102.01000213623047,1182515,0.012547777203136379,97.70450019836426,0.23451653982328002
2025-10-05,105.05000305175781,105.9000015258789,103.0199966430664,103.29000091552734,1607149,0.017039424151712668,98.25200042724609,0.22151931733617253
2025-10-06,104.55000305175781,105.5999984741211,103.80000305175781,105.05000305175781,2250973,-0.004759638129221644,98.68550071716308,0.21858157905469716
2025-10-07,105.0,105.5,104.01000213623047,104.55000305175781,670646,0.004304131373572551,99.23550071716309,0.1993408159663637
2025-10-08,105.9000015258789,105.9000015258789,104.0,105.0,791052,0.008571443103608578,99.78650093078613,0.19916391357484933
2025-10-12,104.05000305175781,105.9000015258789,104.05000305175781,105.9000015258789,1410684,-0.01746929601005731,100.18950119018555,0.21366950432382478
2025-10-13,104.11000061035156,105.69999694824219,104.11000061035156,104.05000305175781,3951808,0.0005766223626528788,100.57000122070312,0.21398152664655704
2025-10-14,104.55000305175781,105.4000015258789,104.19999694824219,104.11000061035156,866329,0.004226322532193905,100.9005012512207,0.2099976541571045
2025-10-15,106.0,106.0,104.56999969482422,104.55000305175781,1049817,0.013868932624749641,101.35000114440918,0.20739744470438662
2025-10-16,105.25,106.5,105.25,106.0,2644235,-0.007075471698113178,101.69250106811523,0.20789009964351127
2025-10-19,105.05000305175781,106.0,104.55999755859375,105.25,340521,-0.0019002085343675645,101.99600105285644,0.2085156347605903
2025-10-20,105.30999755859375,107.1500015258789,105.06999969482422,105.05000305175781,9643021,0.0024749595362489885,102.41150093078613,0.18997806343584717
2025-10-21,104.06999969482422,106.18000030517578,104.0,105.30999755859375,1564532,-0.01177474021950864,102.81500091552735,0.191525980915048
2025-10-22,104.16000366210938,105.0199966430664,104.0999984741211,104.06999969482422,1967011,0.0008648406606042158,103.23750114440918,0.19009779307818842
2025-10-23,103.87000274658203,105.0,103.0,104.16000366210938,1116791,-0.0027841868791411706,103.49350128173828,0.16129067620094198
2025-10-26,105.0,105.16000366210938,103.8499984741211,103.87000274658203,1283847,0.010878956614402746,103.86850128173828,0.15323592560628765
2025-10-27,104.76000213623047,106.19999694824219,104.05000305175781,105.0,2119096,-0.002285693940662248,104.13650131225586,0.14272014755101003
2025-10-28,105.4000015258789,105.80000305175781,104.51000213623047,104.76000213623047,1697397,0.00610919603472504,104.4190013885498,0.14322017058869657
2025-10-29,104.55999755859375,106.0,104.0,105.4000015258789,1336146,-0.00796967699359008,104.5970012664795,0.1432275466063254
2025-10-30,105.48999786376953,105.48999786376953,104.0,104.55999755859375,1644957,0.008894417816475375,104.77100105285645,0.14243675543790205
2025-11-02,104.0,105.69000244140625,104.0,105.48999786376953,1033040,-0.014124541605297303,104.80650100708007,0.14693191452218435
2025-11-03,105.98999786376953,105.98999786376953,103.55999755859375,104.0,2020688,0.01913459484393787,104.85350074768067,0.15023314838954901
2025-11-04,107.0,108.30000305175781,106.0,105.98999786376953,5012580,0.009529221215087036,104.97600059509277,0.152162824235316
2025-11-05,106.9000015258789,107.5,105.5,107.0,1551534,-0.0009345651787018294,105.07100067138671,0.15188253527594686
2025-11-06,109.01000213623047,110.0,106.5,106.9000015258789,5485798,0.019738078393205294,105.2265007019043,0.16401154938954052
2025-11-09,111.5,111.69999694824219,109.30999755859375,109.01000213623047,1475397,0.022841921062048742,105.5990005493164,0.16459612126248893
2025-11-10,110.11000061035156,111.69999694824219,109.25,111.5,3271970,-0.01246636223899944,105.89900054931641,0.17393051557399622
2025-11-11,110.19999694824219,111.5999984741211,109.5999984741211,110.11000061035156,4016660,0.000817331190552828,106.18150024414062,0.17399685575974852
2025-11-12,110.38999938964844,111.30000305175781,109.81999969482422,110.19999694824219,3162749,0.0017241601331030587,106.40100021362305,0.16891590845085802
2025-11-13,108.5,110.5,108.5,110.38999938964844,1600086,-0.017121110608735668,106.56350021362304,0.1795690214589495
2025-11-16,109.9800033569336,110.0,108.66999816894531,108.5,1062513,0.013640583934871886,106.81000022888183,0.1839904795797062
2025-11-17,108.44999694824219,110.0,107.5999984741211,109.9800033569336,3727280,-0.013911678141396822,106.96700019836426,0.19283575385551965
2025-11-18,107.0,109.5,106.7300033569336,108.44999694824219,2072562,-0.013370188926185023,107.11350021362304,0.19437386765394793
2025-11-19,106.5,107.8499984741211,106.41999816894531,107.0,2352179,-0.004672897196261627,107.23050003051758,0.19558901846320276
2025-11-20,106.0199966430664,106.98999786376953,106.0199966430664,106.5,2341851,-0.004507073774024373,107.3379997253418,0.19614736867854046
2025-11-23,106.55000305175781,107.75,106.02999877929688,106.0199966430664,1387926,0.004999117387975094,107.41549987792969,0.19334876235803483
2025-11-24,104.51000213623047,107.4000015258789,104.51000213623047,106.55000305175781,7803328,-0.01914594891692678,107.40299987792969,0.20578391614597025
2025-11-25,107.83999633789062,108.0,105.0,104.51000213623047,2672993,0.03186292348668651,107.52499961853027,0.2343175254088874
2025-11-26,105.80000305175781,108.0,105.0,107.83999633789062,1374758,-0.018916852331309353,107.58699989318848,0.24308717610433356
2025-11-27,107.5199966430664,107.75,105.87000274658203,105.80000305175781,1206466,0.01625702780431082,107.68849983215333,0.24773913967685932
2025-11-30,107.69999694824219,107.98999786376953,107.0,107.5199966430664,1240765,0.0016741100334416448,107.87349967956543,0.24114814926002348
2025-12-01,107.79000091552734,108.0,107.0,107.69999694824219,1699213,0.0008356914562255291,107.96349983215332,0.23234830922330177
2025-12-02,109.75,109.97000122070312,108.0,107.79000091552734,2331006,0.01818349631529048,108.10099983215332,0.23853801026385377
2025-12-03,114.98999786376953,116.5,109.19999694824219,109.75,4799154,0.04774485525074734,108.50549964904785,0.28943794604375117
2025-12-04,116.80000305175781,118.2300033569336,115.02999877929688,114.98999786376953,3211210,0.01574054458312646,108.89499969482422,0.2868565900136736
2025-12-07,116.19999694824219,117.9000015258789,115.9000015258789,116.80000305175781,882445,-0.0051370384232759525,109.12999954223633,0.2790646847753565
2025-12-08,107.09091186523438,107.13636016845703,105.64545440673828,105.63636016845703,2511888,-0.07839143995042597,108.97904510498047,0.3978770185735773
2025-12-09,106.69999694824219,107.70909118652344,106.19999694824219,107.09091186523438,1989883,-0.0036503089775173914,108.80404510498047,0.39790979307624535
2025-12-10,106.01818084716797,107.09091186523438,105.83636474609375,106.69999694824219,1406623,-0.0063900292462515385,108.58545417785645,0.39813204556253085
2025-12-11,106.1727294921875,106.63636016845703,104.63636016845703,106.01818084716797,2314525,0.0014577560545234736,108.46909065246582,0.39403700251049406
2025-12-14,105.90908813476562,106.58181762695312,105.45454406738281,106.1727294921875,1124359,-0.0024831362882242747,108.26554489135742,0.3903473182743353
2025-12-15,107.36363220214844,109.09091186523438,106.0,105.90908813476562,12167009,0.013733892841490292,108.21122665405274,0.3911083986596695
2025-12-16,106.81818389892578,109.0,106.36363220214844,107.36363220214844,2677774,-0.005080382360720281,108.20213584899902,0.3885067487025745
2025-12-17,103.80000305175781,109.0,103.80000305175781,106.81800079345703,4036800,-0.02825530950819999,108.06713600158692,0.40124378134618194
2025-12-18,101.02999877929688,104.9800033569336,101.02999877929688,103.80000305175781,7336195,-0.026685974865335305,107.81763610839843,0.4114286110686512
2025-12-21,104.25,104.25,101.69999694824219,101.02999877929688,13462014,0.031871733738582986,107.70263595581055,0.4282759950081999
2025-12-22,101.80000305175781,105.48999786376953,101.80000305175781,104.25,3112350,-0.023501169767311203,107.56713600158692,0.4310288549361742
2025-12-23,103.94999694824219,103.94999694824219,101.2699966430664,101.80000305175781,2041059,0.021119782239999108,107.3726360321045,0.4217669531546694
2025-12-24,104.87999725341797,104.9800033569336,103.01000213623047,103.94999694824219,1446682,0.008946612145056987,107.3266357421875,0.4180812095909804
2025-12-25,103.0,104.9000015258789,102.30999755859375,104.87999725341797,900610,-0.017925222183934664,107.10063591003419,0.4179500604556677
2025-12-28,103.5,104.30000305175781,103.01000213623047,103.0,371565,0.004854368932038833,106.89063606262206,0.4184537916788223
2025-12-29,103.91999816894531,103.98999786376953,102.5,103.5,1358308,0.004057953323143071,106.69713592529297,0.41886383614682543
2025-12-30,103.0,104.0,102.69999694824219,103.91999816894531,975936,-0.008852946354460545,106.35963592529296,0.41297474027868225
2025-12-31,103.0,104.0999984741211,103.0,103.0,1149458,0.0,105.7601360321045,0.36770048870327576
2026-01-04,100.5199966430664,103.9800033569336,100.5199966430664,103.0,915458,-0.02407770249450092,104.94613571166992,0.36473645122769216
2026-01-05,101.0,101.88999938964844,98.30000305175781,100.5199966430664,2958489,0.004775202675722623,104.1861358642578,0.36717597179652606
2026-01-06,103.01000213623047,103.01000213623047,100.30999755859375,101.0,2410554,0.01990101124980659,103.98209037780762,0.2639891861883814
2026-01-08,104.30000305175781,105.58000183105469,103.4000015258789,103.01000213623047,3729539,0.012523064642026904,103.86209068298339,0.2686936880304331
2026-01-11,108.47000122070312,110.25,107.6500015258789,104.30000305175781,4398040,0.039980805819113785,103.98468170166015,0.304401308593953
2026-01-12,115.0999984741211,115.0999984741211,108.0,108.47000122070312,5885292,0.06112286511298137,104.43104515075683,0.3711285209648063
2026-01-13,120.33000183105469,122.80000305175781,117.80000305175781,115.0999984741211,7084743,0.04543877868173474,105.15209083557129,0.3975526621217351
2026-01-14,117.75,120.5,115.0999984741211,120.33000183105469,3450837,-0.02144105203851865,105.67140922546386,0.40874477923972846
2026-01-15,121.70999908447266,125.80000305175781,117.80000305175781,117.75,9089980,0.03363056547322851,106.4159999847412,0.41912499907218853
2026-01-18,123.05000305175781,124.98999786376953,122.22000122070312,121.70999908447266,1532903,0.011009810018609345,107.37849998474121,0.3981235832436681
2026-01-19,124.9000015258789,125.4000015258789,123.4000015258789,123.05000305175781,2135370,0.015034526032014384,108.5720001220703,0.3756601088402761
2026-01-20,126.69999694824219,127.0,124.80000305175781,124.9000015258789,3931543,0.014411492396902315,109.69449996948242,0.36777633519656056
2026-01-21,127.0,127.5,125.0,126.69999694824219,3061142,0.002367822091427163,110.95449981689453,0.3473729928154246
2026-01-22,127.73999786376953,129.3000030517578,127.0,127.0,4637700,0.005826754832831016,112.1439998626709,0.34590327790417386
2026-01-25,128.89999389648438,129.8000030517578,127.80000305175781,127.73999786376953,1294336,0.009080914765255743,113.34499969482422,0.34589519890428183
2026-01-26,130.97999572753906,132.69000244140625,128.9199981689453,128.89999389648438,3595252,0.016136554922765,114.74399948120117,0.3293953078233187
2026-01-27,132.85000610351562,133.74000549316406,131.3000030517578,130.97999572753906,4370756,0.014277068536988624,116.21149978637695,0.3282707665315852
2026-01-28,134.0,135.0,132.89999389648438,132.85000610351562,5649746,0.008656333034627872,117.71549987792969,0.32705755488306565
2026-02-01,131.5,134.0500030517578,130.50999450683594,134.0,3097990,-0.018656716417910446,119.14049987792968,0.3374287102784314
2026-02-02,129.3000030517578,132.3000030517578,127.11000061035156,131.5,4422720,-0.016730014815529937,120.45550003051758,0.35061669930842887
2026-02-03,133.0,134.0,129.02999877929688,129.3000030517578,13398994,0.028615598305601786,122.07950019836426,0.3285720151024251
2026-02-04,136.5,136.9199981689453,133.10000610351562,133.0,7906804,0.026315789473684292,123.85450019836426,0.3291878432176428
2026-02-05,137.25,138.99000549316406,136.60000610351562,136.5,10151613,0.005494505494505475,125.56650009155274,0.330530103111461
2026-02-08,136.0,138.97000122070312,136.0,137.25,1031051,-0.00910746812386154,127.15149993896485,0.34112836979052147
2026-02-09,136.0,137.99000549316406,134.9499969482422,136.0,9376193,0.0,128.5279998779297,0.329397718416397
2026-02-10,136.60000610351562,140.1999969482422,136.60000610351562,136.0,6741447,0.004411809584673687,129.6030002593994,0.27292575781396966
2026-02-11,134.0,137.8699951171875,134.0,136.60000610351562,4153875,-0.019033718794604915,130.28650016784667,0.2531752713657758
2026-02-12,137.8699951171875,137.8699951171875,134.0,134.0,4759146,0.02888056057602606,131.29249992370606,0.24499389786059558
2026-02-15,142.99000549316406,143.9499969482422,137.1199951171875,137.8699951171875,2717846,0.03713650944590685,132.35650024414062,0.2501152302448407
2026-02-16,140.5500030517578,145.00999450683594,140.25,142.99000549316406,3050107,-0.017064146777187816,133.23150024414062,0.26533109596493676
2026-02-17,141.69000244140625,143.0,140.6999969482422,140.5500030517578,2232418,0.008110988010641584,134.07100028991698,0.26361478331455357
2026-02-18,140.74000549316406,141.99000549316406,139.49000549316406,141.69000244140625,3318142,-0.006704756382759247,134.7730007171631,0.26581042316188497
2026-02-19,138.0,141.94000244140625,137.11000061035156,140.74000549316406,2948796,-0.019468561789257155,135.3230007171631,0.28003567884221653
2026-02-22,135.0,139.88999938964844,134.5,138.0,1816360,-0.021739130434782594,135.6860008239746,0.2947618646468148
2026-02-23,139.38999938964844,139.38999938964844,134.85000610351562,135.0,3791578,0.032518513997395804,136.21050109863282,0.31245756529434005
2026-02-24,137.5500030517578,140.77999877929688,137.5500030517578,139.38999938964844,3969672,-0.01320034683942517,136.53900146484375,0.31481590889092265
2026-02-25,132.0500030517578,138.36000061035156,130.02000427246094,137.5500030517578,4568937,-0.03998545894564931,136.49900131225587,0.34561868661356915
2026-02-26,133.5,133.5,130.00999450683594,132.0500030517578,8837996,0.010980665768510756,136.47400131225587,0.34649508005594964
2026-03-01,130.0,130.58999633789062,127.05000305175781,133.5,4035340,-0.02621722846441943,136.39900131225585,0.3528859485885562
2026-03-02,128.25,131.0,127.94999694824219,130.0,4633326,-0.013461538461538414,136.34650115966798,0.35105841658414355
2026-03-03,123.9000015258789,127.9800033569336,123.55999755859375,128.25,9885392,-0.033918116757279515,135.89150123596193,0.3532066012722598
2026-03-04,121.5,124.0,111.0,123.9000015258789,6593274,-0.01937047212527776,135.14150123596193,0.33935222681299543
2026-03-05,126.0,127.0199966430664,122.5,121.5,6551172,0.03703703703703698,134.57900123596193,0.3700917912274591
2026-03-08,121.91000366210938,125.19999694824219,121.5,126.0,2128512,-0.03246028839595738,133.87450141906737,0.3834022113974599
2026-03-09,123.0,123.19999694824219,118.04000091552734,121.91000366210938,3503813,0.008940991757425465,133.2245014190674,0.38630615423647624
2026-03-10,129.5,129.5,123.5999984741211,123.0,3239515,0.05284552845528445,132.8695011138916,0.4365035813289171
2026-03-11,125.30000305175781,129.99000549316406,124.9800033569336,129.5,5663870,-0.03243240886673504,132.4345012664795,0.44580464253746716
2026-03-12,122.0,126.5,122.0,125.30000305175781,3472894,-0.02633681541408006,131.64100151062013,0.4364563420312236
2026-03-15,118.80000305175781,122.8499984741211,118.30000305175781,122.0,2274851,-0.026229483182312996,130.4315013885498,0.4111174000021827
2026-03-16,117.19999694824219,121.27999877929688,116.5,118.80000305175781,5371688,-0.013468064498437293,129.264001083374,0.41036862960753384
2026-03-17,119.51000213623047,121.0,117.69999694824219,117.19999694824219,3916325,0.01970994239025803,128.15500106811524,0.41866278134728935
2026-03-18,129.6999969482422,129.6999969482422,121.30000305175781,119.51000213623047,10023147,0.0852647864602667,127.60300064086914,0.5342052782493096
